{"cameraMode":{"drawMode":0,"name":"Shaded","section":"Shading Mode"},"sceneLighting":true,"audioPlay":false,"sceneViewState":{"showFog":true,"showMaterialUpdate":false,"showSkybox":true,"showFlares":true,"showImageEffects":true,"showParticleSystems":true},"in2DMode":false,"pivot":{"x":2.911189556121826,"y":2.5656356811523439,"z":-39.839691162109378},"rotation":{"x":0.04232708737254143,"y":0.955784261226654,"z":-0.17274875938892365,"w":0.23420219123363496},"size":6.0122785568237309,"orthographic":false}