{"cameraMode":{"drawMode":0,"name":"Shaded","section":"Shading Mode"},"sceneLighting":true,"audioPlay":false,"sceneViewState":{"showFog":true,"showMaterialUpdate":false,"showSkybox":true,"showFlares":true,"showImageEffects":true,"showParticleSystems":true},"in2DMode":false,"pivot":{"x":8.380173683166504,"y":-0.9072322845458984,"z":-36.724830627441409},"rotation":{"x":0.021101539954543115,"y":0.9717109799385071,"z":-0.09534664452075958,"w":0.215051531791687},"size":3.9122774600982668,"orthographic":false}