{"cameraMode":{"drawMode":0,"name":"Shaded","section":"Shading Mode"},"sceneLighting":true,"audioPlay":false,"sceneViewState":{"showFog":false,"showMaterialUpdate":false,"showSkybox":false,"showFlares":false,"showImageEffects":false,"showParticleSystems":false},"in2DMode":false,"pivot":{"x":20.829776763916017,"y":26.91629409790039,"z":-43.703250885009769},"rotation":{"x":0.03840291500091553,"y":0.9596173167228699,"z":-0.22601318359375,"w":0.1630454808473587},"size":29.52665138244629,"orthographic":false}